,condition,sample_num,basename,mig_speed_um_per_min,prot_x_prot_dot,prot_x_prot_dot_abs,prot_x_mig_dot,prot_x_mig_dot_abs
0,TJ_larRNAi_sema5cK175,01,TJ_larRNAi_sema5cK175_01,0.0007786117009258,-0.012105333768636876,0.6865913299176836,-0.06918040922488598,0.5134822932403602
3,ck666,01,ck666_01,0.0311674102583535,-0.0628613451894755,0.6796094751894151,-0.060887772281336607,0.49436699162783737
2,fat2N1032,01,fat2N1032_01,0.0247730345320973,0.029196976899972187,0.6744281895050608,0.041492238860188255,0.5192719436000984
1,lar132bola1,01,lar132bola1_01,0.2436615366164595,0.010993908399929702,0.6854171652731349,0.14234219854862012,0.7754469829037949
4,sema5cK175,01,sema5cK175_01,0.160513793903798,0.2662464994202254,0.6260483538190011,0.511942877710675,0.6825477932491356
