,condition,sample_num,prot_hjs,total_hjs,prot_ratio,cutoff_condition,cutoff_percentile,cutoff_prot_avg_len_um
0,TJ_larRNAi_sema5cK175,01,569,17821,0.031928623534032884,ck666,98,0.35414717445163607
1,ck666,01,170,8499,0.02000235321802565,ck666,98,0.35414717445163607
2,fat2N1032,01,450,16588,0.02712804436942368,ck666,98,0.35414717445163607
3,lar132bola1,01,867,11314,0.07663072299805551,ck666,98,0.35414717445163607
4,sema5cK175,01,351,13777,0.0254772446831676,ck666,98,0.35414717445163607
